DATE,LATITUDE,LONGITUDE,LOCATION,DISTRICT,STATE,LANDSLIDE_TYPE,SOURCE
2021-06-08,27.241524,93.335972,Leporiang,Papum Pare,Arunachal Pradesh,Type 3,NESAC-SR-277-2022
2021-08-13,28.849609,94.748649,Between Tuting and Yingkiong,Upper Siang,Arunachal Pradesh,Type 3,NESAC-SR-277-2022
2021-08-13,28.122053,95.274842,near Sirki waterfall,East Siang,Arunachal Pradesh,Type 3,NESAC-SR-277-2022
2021-08-13,27.784222,94.721322,Between Likabali and Basar,West Siang,Arunachal Pradesh,Type 3,NESAC-SR-277-2022
2021-06-27,28.153611,95.181369,Rotung Village at Kebang,East Siang,Arunachal Pradesh,Type 1,NESAC-SR-277-2022
2021-06-17,28.936253,94.842537,Pekong Village,Upper Siang,Arunachal Pradesh,Type 2,NESAC-SR-277-2022
2021-07-08,27.965813,94.467809,Tode Village,Upper Subansiri,Arunachal Pradesh,Type 2,NESAC-SR-277-2022
2021-06-05,27.326763,92.43801,77.200 km in BCT road near Saddle,West Kameng,Arunachal Pradesh,Type 2,NESAC-SR-277-2022
2021-05-31,27.095983,93.622322,Near Indira Gandhi Park entry gate,Papum Pare,Arunachal Pradesh,Type 3,NESAC-SR-277-2022
2021-05-25,27.208119,92.479767,80.3-km between Nechiphu and Saddle,West Kameng,Arunachal Pradesh,Type 3,NESAC-SR-277-2022
2021-06-22,26.911944,95.603611,Kuthong Village,Tirap,Arunachal Pradesh,Type 2,NESAC-SR-277-2022
2021-06-30,28.214774,95.235101,Pasighat to Yingkiong (100 kms away),Upper Siang,Arunachal Pradesh,Type 2,NESAC-SR-277-2022
2021-06-30,27.796145,94.71335,"near Garu, 25 km from Likabali",West Siang,Arunachal Pradesh,Type 3,NESAC-SR-277-2022
2021-04-28,27.186597,92.303984,between Membachur and Garbow,West Kameng,Arunachal Pradesh,Type 2,NESAC-SR-277-2022
2021-06-27,28.233722,94.9963,Sangam Bridge Collapse near Pangin,East Siang,Arunachal Pradesh,Type 3,NESAC-SR-277-2022
2021-09-09,27.794025,94.073954,Raga headquarters,Lower Subansiri,Arunachal Pradesh,Type 3,NESAC-SR-277-2022
2021-09-20,27.104442,92.566072,20 locations along BCT Road,West Kameng,Arunachal Pradesh,Type 2,NESAC-SR-277-2022
2021-06-18,26.162784,91.694636,Water Works Colony,Kamrup metro,Assam,Type 2,NESAC-SR-277-2022
2021-08-25,26.574761,93.110996,Kaliabor,Nagaon,Assam,Type 3,NESAC-SR-277-2022
2021-10-20,26.170251,91.690161,Guwahati,Kamrup metro,Assam,Type 2,NESAC-SR-277-2022
2021-08-06,26.154238,91.810523,Borbari,Kamrup metro,Assam,Type 2,NESAC-SR-277-2022
2021-06-06,25.217562,93.820138,Between Tujang Waichong and Selsi,Senapati,Manipur,Type 2,NESAC-SR-277-2022
2021-08-02,25.241119,93.857702,Lamlenkon in Tujang Waichong,Tamenglong,Manipur,Type 1,NESAC-SR-277-2022
2021-08-20,24.503658,93.509375,S Kholep village,Churachandpur,Manipur,Type 2,NESAC-SR-277-2022
2021-08-16,24.826041,93.56119,5 km away from Awang Khul Village,Tamenglong,Manipur,Type 3,NESAC-SR-277-2022
2021-06-24,25.158298,93.677995,Tamei Village,Tamenglong,Manipur,Type 3,NESAC-SR-277-2022
2021-06-07,25.158298,93.677995,Tamei Village,Tamenglong,Manipur,Type 3,NESAC-SR-277-2022
2021-07-26,24.319566,94.160246,Chahmol Village,Chandel,Manipur,Type 3,NESAC-SR-277-2022
2021-07-19,24.818353,93.440246,8km towards Thingou,Tamenglong,Manipur,Type 1,NESAC-SR-277-2022
2021-06-16,25.091769,94.358421,Mini Secretariat Complex,Ukhrul,Manipur,Type 1,NESAC-SR-277-2022
2021-07-19,24.767366,93.332535,Sibilong Temple,Tamenglong,Manipur,Type 1,NESAC-SR-277-2022
2021-10-09,24.005219,93.915829,Khulmulen-Sajik Road,Chandel,Manipur,Type 2,NESAC-SR-277-2022
2021-02-24,25.585545,91.86466,Sonapani Hydro-Electric Project,East Khasi Hills,Meghalaya,Type 1,NESAC-SR-277-2022
2021-06-30,25.499358,90.214668,Tura-Dalu stretch,West Garo Hills,Meghalaya,Type 1,NESAC-SR-277-2022
2021-08-02,25.081742,92.362063,"Kuliang Village, Khliehriat",Jaintia Hills,Meghalaya,Type 3,NESAC-SR-277-2022
2021-06-30,25.202693,90.831915,Malikona Village Baghmara town,South Garo Hills,Meghalaya,Type 2,NESAC-SR-277-2022
2021-08-26,22.130154,92.761693,Zochachhuah,Lawngtlai,Mizoram,Type 3,NESAC-SR-277-2022
2021-07-19,22.805047,92.816565,Bualpui,Lunglei,Mizoram,Type 1,NESAC-SR-277-2022
2021-06-11,23.74192,92.741738,Thuampui,Aizawl,Mizoram,Type 1,NESAC-SR-277-2022
2021-10-09,23.689863,92.859428,Thingsulthliah Village,Aizawl,Mizoram,Type 2,NESAC-SR-277-2022
2025-05-30,25.67923,91.89988,Umiam Landslide 7,Ri Bhoi,Meghalaya,Verified,Landslide-Field-Survey-2025
2025-05-30,25.68672,91.9034,Umbang Landslide,Ri Bhoi,Meghalaya,Verified,Landslide-Field-Survey-2025
2025-05-30,25.68624,91.90282,Umbang Landslide 2,Ri Bhoi,Meghalaya,Verified,Landslide-Field-Survey-2025
2025-05-30,25.69024,91.90534,Sumer Landslide 1,Ri Bhoi,Meghalaya,Verified,Landslide-Field-Survey-2025
2025-05-30,25.75852,91.87999,Umsamlem Landslide,Ri Bhoi,Meghalaya,Verified,Landslide-Field-Survey-2025
2025-05-30,25.82308,91.87242,Kwinain Landslide,Ri Bhoi,Meghalaya,Verified,Landslide-Field-Survey-2025
2025-05-30,25.81488,91.87571,Umnget Landslide,Ri Bhoi,Meghalaya,Verified,Landslide-Field-Survey-2025
2025-05-30,25.92683,91.87521,Umling Landslide,Ri Bhoi,Meghalaya,Verified,Landslide-Field-Survey-2025
2025-05-30,25.92723,91.87506,Umling Landslide 2,Ri Bhoi,Meghalaya,Verified,Landslide-Field-Survey-2025
2025-05-30,25.95857,91.86467,Umling Landslide 3,Ri Bhoi,Meghalaya,Verified,Landslide-Field-Survey-2025
2025-05-30,25.9571,91.86125,Umling Landslide 4,Ri Bhoi,Meghalaya,Verified,Landslide-Field-Survey-2025
2025-05-30,26.01556,91.86894,Byrnihat Landslide,Ri Bhoi,Meghalaya,Verified,Landslide-Field-Survey-2025
2025-05-30,26.0169,91.86662,Byrnihat Landslide 2,Ri Bhoi,Meghalaya,Verified,Landslide-Field-Survey-2025
2025-05-30,26.02992,91.86895,17 Mile Landslide,Ri Bhoi,Meghalaya,Verified,Landslide-Field-Survey-2025
2025-05-30,26.03532,91.86799,Byrnihat Landslide 3,Ri Bhoi,Meghalaya,Verified,Landslide-Field-Survey-2025
2025-05-30,26.03628,91.86832,Byrnihat Landslide 4,Ri Bhoi,Meghalaya,Verified,Landslide-Field-Survey-2025
2025-05-30,26.08904,91.87737,Ampher Landslide,Ri Bhoi,Meghalaya,Verified,Landslide-Field-Survey-2025
2025-05-30,26.09923,91.87597,Jorabat Landslide,Ri Bhoi,Meghalaya,Verified,Landslide-Field-Survey-2025
2025-05-30,25.70906,91.89498,Umsning Landslide,Ri Bhoi,Meghalaya,Verified,Landslide-Field-Survey-2025
2025-05-30,25.70907,91.895,Umsning Landslide 2,Ri Bhoi,Meghalaya,Verified,Landslide-Field-Survey-2025
2025-05-30,25.6792,91.89967,Umiam Landslide 8,Ri Bhoi,Meghalaya,Verified,Landslide-Field-Survey-2025
2025-05-30,25.67051,91.90494,Umiam Landslide 9,Ri Bhoi,Meghalaya,Verified,Landslide-Field-Survey-2025
2025-05-30,25.66272,91.90127,Umiam Landslide 10,Ri Bhoi,Meghalaya,Verified,Landslide-Field-Survey-2025
2025-05-30,25.66073,91.9014,Umiam Landslide 11,Ri Bhoi,Meghalaya,Verified,Landslide-Field-Survey-2025
2025-05-30,25.65293,91.89804,Umiam Landslide 12,East Khasi Hills,Meghalaya,Verified,Landslide-Field-Survey-2025
2025-05-30,25.62575,91.89703,ISBT Bypass Landslide 1,East Khasi Hills,Meghalaya,Verified,Landslide-Field-Survey-2025
2025-05-30,25.6248,91.91046,ISBT Bypass Landslide 2,East Khasi Hills,Meghalaya,Verified,Landslide-Field-Survey-2025
2025-05-30,25.62053,91.90989,ISBT Bypass Landslide 3,East Khasi Hills,Meghalaya,Verified,Landslide-Field-Survey-2025
2025-05-30,25.49086,91.82135,Mylliem Landslide 2,East Khasi Hills,Meghalaya,Verified,Landslide-Field-Survey-2025
2025-05-30,25.48787,91.81959,Mylliem Landslide 3,East Khasi Hills,Meghalaya,Verified,Landslide-Field-Survey-2025
2025-05-30,25.48715,91.81948,Mylliem Landslide 4,East Khasi Hills,Meghalaya,Verified,Landslide-Field-Survey-2025
2025-05-30,25.4868,91.81987,Mylliem Landslide 5,East Khasi Hills,Meghalaya,Verified,Landslide-Field-Survey-2025
2025-05-30,25.47565,91.81801,Mylliem Landslide 6,East Khasi Hills,Meghalaya,Verified,Landslide-Field-Survey-2025
2025-05-31,25.47174,91.81621,Mylliem Landslide 7,East Khasi Hills,Meghalaya,Verified,Landslide-Field-Survey-2025
2025-05-30,25.47133,91.81608,Mylliem Landslide 8,East Khasi Hills,Meghalaya,Verified,Landslide-Field-Survey-2025
2025-05-30,25.46944,91.81748,Mylliem Landslide 9,East Khasi Hills,Meghalaya,Verified,Landslide-Field-Survey-2025
2025-05-30,25.46891,91.8184,Mylliem Landslide 10,East Khasi Hills,Meghalaya,Verified,Landslide-Field-Survey-2025
2025-05-31,25.46687,91.81902,Mylliem Landslide 11,East Khasi Hills,Meghalaya,Verified,Landslide-Field-Survey-2025
2025-05-31,25.46591,91.82085,Mylliem Landslide 12,East Khasi Hills,Meghalaya,Verified,Landslide-Field-Survey-2025
2025-05-30,25.46593,91.82263,Mylliem Landslide 13,East Khasi Hills,Meghalaya,Verified,Landslide-Field-Survey-2025
2025-05-31,25.46529,91.82496,Umtyngar Landslide,East Khasi Hills,Meghalaya,Verified,Landslide-Field-Survey-2025
2025-05-30,25.46555,91.82614,Umtyngar Landslide 2,East Khasi Hills,Meghalaya,Verified,Landslide-Field-Survey-2025
2025-05-31,25.46443,91.82775,Umtyngar Landslide 3,East Khasi Hills,Meghalaya,Verified,Landslide-Field-Survey-2025
2025-05-31,25.46194,91.82976,Laitkroh Landslide,East Khasi Hills,Meghalaya,Verified,Landslide-Field-Survey-2025
2025-05-31,25.46117,91.83177,Laitkroh Landslide 2,East Khasi Hills,Meghalaya,Verified,Landslide-Field-Survey-2025
2025-05-30,25.44031,91.84712,Laitkroh Landslide 3,East Khasi Hills,Meghalaya,Verified,Landslide-Field-Survey-2025
2025-02-26,28.78833,95.90902,"Near Anini, NH 313",Dibang Valley,Arunachal Pradesh,Type 1,NESAC-SR-392-2026
2025-03-04,28.62887,95.8566,KM5 from Etalin along NH-313,Dibang Valley,Arunachal Pradesh,Type 1,NESAC-SR-392-2026
2025-03-12,28.78846,95.90884,"Near Anini, NH 313",Dibang Valley,Arunachal Pradesh,Type 1,NESAC-SR-392-2026
2025-04-02,28.03826,96.43806,Located close to the Indo-China border,Anjaw,Arunachal Pradesh,Type 3,NESAC-SR-392-2026
2025-05-30,27.07651,93.65695,Near Gyan Mission Orphan School,Papum Pare,Arunachal Pradesh,Type 2,NESAC-SR-392-2026
2025-05-30,27.18332,92.59952,"Jamiri Landslide, NH 13",West Kameng,Arunachal Pradesh,Type 2,NESAC-SR-392-2026
2025-05-30,27.30616,92.95388,"Bana Seppa Road, NH 13",East Kameng,Arunachal Pradesh,Type 2,NESAC-SR-392-2026
2025-05-31,27.62206,93.84096,"Ziro Kamle Road, NH 13",Lower Subansiri,Arunachal Pradesh,Type 1,NESAC-SR-392-2026
2025-06-01,27.64959,93.87385,Param Putu Circle,Keyi Panyor,Arunachal Pradesh,Type 1,NESAC-SR-392-2026
2025-06-03,27.71888,94.70399,Along Likabali-Basar Road,Lower Siang,Arunachal Pradesh,Type 3,NESAC-SR-392-2026
2025-06-15,27.79837,94.0765,Govt Higher Secondary School in Raga,Kamle,Arunachal Pradesh,Type 2,NESAC-SR-392-2026
2025-06-25,27.51413,92.80988,between Lada and Sachung,East Kameng,Arunachal Pradesh,Type 1,NESAC-SR-392-2026
2025-06-29,27.06653,92.59247,road connecting Tippi and Elephant Flat,West Kameng,Arunachal Pradesh,Type 1,NESAC-SR-392-2026
2025-04-01,28.77113,94.85587,Between Janbo and Bomdo Village,Upper Siang,Arunachal Pradesh,Type 1,NESAC-SR-392-2026
2025-04-02,28.80555,94.80139,Mosing Hotel under Megging Circle,Upper Siang,Arunachal Pradesh,Type 2,NESAC-SR-392-2026
2025-04-14,27.22884,95.90869,Jotin Joda under Manmao circle,Changlang,Arunachal Pradesh,Type 2,NESAC-SR-392-2026
2025-04-23,27.98791,96.40653,Between Tidding to Hayuliang,Anjaw,Arunachal Pradesh,Type 1,NESAC-SR-392-2026
2025-04-23,27.83265,93.50444,Between Chello village & Tagum Village,Kurung Kumey,Arunachal Pradesh,Type 2,NESAC-SR-392-2026
2025-04-25,28.27767,97.01467,Between Tezu to Kibithoo,Anjaw,Arunachal Pradesh,Type 2,NESAC-SR-392-2026
2025-04-28,27.91638,93.50261,Parsi Landslide,Kurung Kumey,Arunachal Pradesh,Type 2,NESAC-SR-392-2026
2025-04-29,27.86772,93.39982,Rite Landslide,Kurung Kumey,Arunachal Pradesh,Type 2,NESAC-SR-392-2026
2025-04-29,28.62271,95.04372,Between Yingkiong and Pasighat,Upper Siang,Arunachal Pradesh,Type 1,NESAC-SR-392-2026
2025-08-04,28.5567,94.20784,Tato-Menchuka road,Shi-Yomi,Arunachal Pradesh,Type 2,NESAC-SR-392-2026
2025-08-05,26.88749,95.57986,between Noglo and Lazu,Tirap,Arunachal Pradesh,Type 2,NESAC-SR-392-2026
2025-08-25,27.40138,92.14558,"Balipara-Charduar-Tawang Road, NH 13",West Kameng,Arunachal Pradesh,Type 2,NESAC-SR-392-2026
2025-09-03,27.58008,91.97688,"Balipara-Charduar-Tawang Road, NH 13",Tawang,Arunachal Pradesh,Type 2,NESAC-SR-392-2026
2025-09-19,27.72856,93.63679,Palin–Koloriang road,Kra Daadi,Arunachal Pradesh,Type 1,NESAC-SR-392-2026
2025-10-01,26.99465,95.48669,Near Khonsa Town,Tirap,Arunachal Pradesh,Type 1,NESAC-SR-392-2026
2025-03-31,24.53369,92.8324,Rajgobinadapur in Dholai block,Cachar,Assam,Type 1,NESAC-SR-392-2026
2025-05-20,26.16025,91.69686,Maligaon's Hilltop Colony,Kamrup Metro,Assam,Type 3,NESAC-SR-392-2026
2025-05-30,26.19125,91.82953,"Bonda Landslide, outskirts of Guwahati",Kamrup Metro,Assam,Type 1,NESAC-SR-392-2026
2025-05-31,26.16134,91.70529,Maligaon Landslide,Kamrup Metro,Assam,Type 1,NESAC-SR-392-2026
2025-05-31,26.13267,91.71967,Datalpara Landslide,Kamrup Metro,Assam,Type 2,NESAC-SR-392-2026
2025-05-30,26.20384,91.85836,"Panikhaiti Landslide, near rail crossing",Kamrup Metro,Assam,Type 1,NESAC-SR-392-2026
2025-06-02,24.92072,93.07299,"Doloicherra GP, Lakhipur",Cachar,Assam,Type 1,NESAC-SR-392-2026
2025-06-02,24.68874,92.64441,Bowarthar Region,Hailakandi,Assam,Type 1,NESAC-SR-392-2026
2025-06-02,24.78095,92.30929,"Brahmanshasan Pt II, Nilambazar",Karimganj,Assam,Type 1,NESAC-SR-392-2026
2025-06-02,25.38675,93.11993,Haflong Revenue Circle,Dima Hasao,Assam,Type 1,NESAC-SR-392-2026
2025-06-04,26.1469,91.68986,Pachali Colony area of Maligaon,Kamrup Metro,Assam,Type 2,NESAC-SR-392-2026
2025-05-30,26.20396,91.85851,Near Panikhaiti Police Outpost,Kamrup Metro,Assam,Type 1,NESAC-SR-392-2026
2025-05-31,26.19515,91.76667,"Bhupen Hazarika Path, Navagraha Hills",Kamrup Metro,Assam,Type 1,NESAC-SR-392-2026
2025-05-31,26.16073,91.70498,Near Swagat Hospital,Kamrup Metro,Assam,Type 1,NESAC-SR-392-2026
2025-06-07,26.15678,91.76096,"RupNagar Region, Guwahati",Kamrup Metro,Assam,Type 3,NESAC-SR-392-2026
2025-05-20,24.72,92.5,Nilambazar RC,Sribhumi,Assam,Type 1,NESAC-SR-392-2026
2025-05-21,25.17687,93.00324,Haflong Landslide,Dima Hasao,Assam,Type 1,NESAC-SR-392-2026
