Slide_ID,Source,State,District,Name,Location,NH_SH_Cutoff_Affected,Lat,Long,Date_of_Event,Time_of_Event,Type,Casualty,Rainfall_mm
GSI_REPORTS/2020/Arunachal Pradesh/21,GSI_REPORTS,Arunachal Pradesh,Papum Pare,Tigdo Landslide,"Yupia-Potin Road, about 4 km from Doimukh town",,27.134694,93.743472,10-Jul-20,2:30 AM,1,4 dead,46.26270328
Newspaper&Media/2020/Arunachal Pradesh/22,Newspaper&Media,Arunachal Pradesh,Papum Pare,Modrijo,Itanagar and Naharlagun,,27.107,93.698,10-Jul-20,,1,4 dead,88.02032345
GSI_REPORTS/2020/Arunachal Pradesh/23,GSI_REPORTS,Arunachal Pradesh,Papum Pare,Donyi Colony,"Donyi Colony Near Jollang Road, 2.5 km east of Itanagar City",,27.081306,93.612833,25-Jun-20,8:12 AM,1,1 dead,27.01856839
Newspaper&Media/2020/Arunachal Pradesh/24,Newspaper&Media,Arunachal Pradesh,Dibang Valley,Aarzoo Village,Aarzoo Village Dibang Valley district,,28.5,95.807,25-May-20,,2,3 dead,45.72257885
Newspaper&Media/2020/Arunachal Pradesh/25,Newspaper&Media,Arunachal Pradesh,Papum Pare,Bandardewa Landslide,Bandardewa area at NH 15,NH 15,27.104,93.826,17-Sep-20,,2,,10.09935397
SDMA/2020/Assam/1,SDMA,Assam,Hailakandi,SDMA/AS/2020/Chandipur Grant Slide,"Chandipur, Bowarthar, Algapur Circle, Hailakandi",,24.79488889,92.55505556,02.06.2020,,1,1 dead,72.78251015
SDMA/2020/Assam/2,SDMA,Assam,Hailakandi,SDMA/AS/2020/Mohanpur Grant Slide 3,"Mohanpur Grant, Hailakandi Circle, Hailakandi",,24.73116667,92.64738889,02.06.2020,,1,1 dead,59.14748733
SDMA/2020/Assam/3,SDMA,Assam,Hailakandi,SDMA/AS/2020/Mohanpur Grant Slide 2,"Mohanpur Grant, Hailakandi Circle, Hailakandi",,24.70655556,92.65008333,02.06.2020,,1,1 dead,59.14748733
SDMA/2020/Assam/4,SDMA,Assam,Cachar,SDMA/AS/2020/Kanakpur Slide,"Kanakpur Pt III, Lakhipur, Cachar",,24.92097222,93.07305556,02.06.2020,,1,7 dead,29.16217088
SDMA/2020/Assam/5,SDMA,Assam,Cachar,SDMA/AS/2020/Govindanagar Slide,"Govindanagar Pt. II, Sonai, Cachar",,24.72191667,92.90380556,05.06.2020,,1,,79.11487476
SDMA/2020/Assam/6,SDMA,Assam,Hailakandi,SDMA/AS/2020/Mohanpur Grant Slide 1,"Mohanpur Grant, Hailakandi Circle, Hailakandi",,24.70363889,92.64680556,02.06.2020,,1,5 dead,59.14748733
SDMA/2020/Assam/7,SDMA,Assam,Karimganj,SDMA/AS/2020/Karimpur Slide 1,"Karimpur, Nilam Bazar, Karimganj",,24.78380556,92.45563889,02.06.2020,,1,1 dead,62.41079903
SDMA/2020/Assam/8,SDMA,Assam,Karimganj,SDMA/AS/2020/Karimpur Slide 2,"Karimpur, Nilam Bazar, Karimganj",,24.78002778,92.45372222,02.06.2020,,1,5 dead,62.41079903
SDMA/2020/Assam/9,SDMA,Assam,Kamrup metro,SDMA/AS/2020/Kahilipara Slide,"Power grid, Kahilipara, Guwahati",,26.146,91.756,26.06.2020,,1,1 dead,196.6897646
SDMA/2020/Assam/10,SDMA,Assam,Kamrup Rural,SDMA/AS/2020/Amingaon Slide 01,"Amingaon, Guwahati",,26.21083333,91.68944444,25.06.2020,,1,,58.38482125
SDMA/2020/Assam/11,SDMA,Assam,Cachar,SDMA/AS/2020/SONAI1,Panichowki & Saidpur 4,,24.647875,92.988353,08.06.2020,,1,,18.524112
SDMA/2020/Assam/12,SDMA,Assam,Cachar,SDMA/AS/2020/SONAI2,Panichowki & Saidpur 4,,24.646983,92.98905,08.06.2020,,1,,18.524112
SDMA/2020/Assam/13,SDMA,Assam,Cachar,SDMA/AS/2020/SONAI3,Panichowki & Saidpur 4,,24.649889,92.989075,08.06.2020,,1,,18.524112
SDMA/2020/Assam/14,SDMA,Assam,Cachar,SDMA/AS/2020/SONAI4,Panichowki & Saidpur 4,,24.727878,92.823175,08.06.2020,,1,,27.53328682
SDMA/2020/Assam/15,SDMA,Assam,Kamrup Rural,SDMA/AS/2020/North Guwahati1,Gauripur,,26.214209,91.693519,26.06.2020,4:00 PM,1,,92.36848196
SDMA/2020/Assam/16,SDMA,Assam,Kamrup Rural,SDMA/AS/2020/North Guwahati2,Dirgheswari,,26.254368,91.762678,27.06.2020,6:00 PM,1,,102.674153
SDMA/2020/Assam/17,SDMA,Assam,Kamrup Rural,SDMA/AS/2020/North Guwahati3,Dirgheswari,,26.262201,91.759778,27.06.2020,6:00 PM,1,,102.674153
SDMA/2020/Assam/18,SDMA,Assam,Cachar,SDMA/AS/2020/SONAI5,Gobindanagar Pt II,,24.721872,92.903858,04.06.2020,,1,,64.64802343
Newspaper&Media/2020/Assam/19,Newspaper&Media,Assam,Kamrup metro,Jorabat Landslide,"12th mile area, Jorabat",,26.102,91.863,12.07.2020,,1,2 dead,45.49959715
Newspaper&Media/2020/Assam/20,Newspaper&Media,Assam,Kamrup metro,Guwahati Landslide,"Kharguli, Guwahati",,26.196,91.765,28.06.2020,,2,1 dead,102.7784428
Newspaper&Media/2020/Manipur/26,Newspaper&Media,Manipur,Tamenglong,Imphal-Jiribam Landslide-1,NH cutoff at Oinamlong,NH 37,24.774,93.284,2-Jun-20,,3,,89.27880505
Newspaper&Media/2020/Manipur/27,Newspaper&Media,Manipur,Tamenglong,Imphal-Jiribam Landslide-1,NH cutoff at Khangsang,NH 37,24.8205,93.473,2-Jun-20,,3,,50.60031752
Newspaper&Media/2020/Manipur/28,Newspaper&Media,Manipur,Tamenglong,,Makru Bridge,NH 37,24.8172,93.2457,,,3,,
Newspaper&Media/2020/Manipur/29,Newspaper&Media,Manipur,Senapati,Imphal-Jiribam Landslide-1,Barak Bridge,NH 37,25.396,94.142,2-Jun-20,,3,,5.95963219
Newspaper&Media/2020/Manipur/30,Newspaper&Media,Manipur,Senapati,Twilang Landslide,"Twilang area between 10 miles Poudel Basti and 13 miles Thonglang Atongba, about 20 km from Kangopoki DHQ",Imphal-Tamenglong Road,25.236,93.911,6-Jul-20,,2,,9.543156357
Newspaper&Media/2020/Manipur/31,Newspaper&Media,Manipur,Imphal east,Khenjonglang Landslide,Awa Ching located at Keirao Khunao,,24.748,93.986,11-Aug-20,4:00 AM,1,,18.95101404
Newspaper&Media/2020/Manipur/32,Newspaper&Media,Manipur,Senapati,K Sinam Village_NH 37,K Sinam village,NH 37,24.925,93.985,21-Jun-20,,2,,10.16939571
Newspaper&Media/2020/Manipur/33,Newspaper&Media,Manipur,Senapati,Laii Village,"Lai Village, Paotama",,25.498,94.387,20-Aug-20,02:45 AM,2,,2.32650696
Newspaper&Media/2020/Manipur/34,Newspaper&Media,Manipur,Senapati,Kotlen,Kotlen,NH 37,24.792,93.696,28-Aug-20,11:00 AM,2,,
Newspaper&Media/2020/Manipur/35,Newspaper&Media,Manipur,Chandel,Khongkhang,"Khongkhang, Tengnoupal",Imphal-Moreh Road,24.318,94.222,20-Aug-20,,2,,65.30426639
Newspaper&Media/2020/Manipur/36,Newspaper&Media,Manipur,Tamenglong,Imphal-Jiribam Landslide-2,5 km from Nungba Bazaar towards Imphal,NH 2,24.775278,93.438889,27-May-20,3:00 AM,3,,62.67473653
Newspaper&Media/2020/Manipur/37,Newspaper&Media,Manipur,Senapati,Khongnem-Thana,Khongnem Thana,NH 2 - Imphal-Mao Sector,25.355956,94.065278,23-Oct-20,,2,,60.30634994
GSI_REPORTS/2020/Manipur/38,GSI_REPORTS,Manipur,Tamenglong,Longmai Slide,Longmai Khumji Noney Area,"NH-37, Imphal-Jiribham Road, Longmai",24.855361,93.624028,Last week of June,,1,,0.08182246
GSI_REPORTS/2020/Manipur/39,GSI_REPORTS,Manipur,Tamenglong,Khumji Noney Slide,"100 meters from Noney bazaar towards Jiribam on the NH-37, Imphal-Jiribam road",,24.862694,93.624056,Last week of June,,1,,0.08182246
GSI_REPORTS/2020/Manipur/40,GSI_REPORTS,Manipur,Senapati,Mao Slide,Song Song Village Mao Gate,,25.515917,94.136528,Sometime before 21 July,,1,,6.404231947
GSI_REPORTS/2020/Meghalaya/41,GSI_REPORTS,Meghalaya,East Khasi Hills,Umjapung slide,Mawiong Umjapung,,25.62,91.882722,21-May-20,1:00 PM,1,,60.05292242
GSI_REPORTS/2020/Meghalaya/42,GSI_REPORTS,Meghalaya,Jaintia Hills,Iawmusiang Landslide - I,Iawmusiang Wahthanad,,25.442333,92.194472,26-May-20,,1,,47.53227393
GSI_REPORTS/2020/Meghalaya/43,GSI_REPORTS,Meghalaya,Jaintia Hills,Iawmusiang Landslide - II,Iawmusiang Wahthanad,,25.441778,92.195583,26-May-20,,1,,47.53227393
GSI_REPORTS/2020/Meghalaya/44,GSI_REPORTS,Meghalaya,Jaintia Hills,Riatsiatsim Landslide,Riatsiatsim,,25.441389,92.191083,26-May-20,,1,,47.53227393
GSI_REPORTS/2020/Meghalaya/45,GSI_REPORTS,Meghalaya,Jaintia Hills,Chutwakhu road landslide,Chutwakhu Rd near Govt. Boy's Higher secondary school,,25.436306,92.19525,26-May-20,,1,,47.53227393
GSI_REPORTS/2020/Meghalaya/46,GSI_REPORTS,Meghalaya,Jaintia Hills,Chilliangraij Landslide,Chiliangraij,,25.435056,92.198361,26-May-20,,1,,47.53227393
GSI_REPORTS/2020/Meghalaya/47,GSI_REPORTS,Meghalaya,Jaintia Hills,Salaroh Landslide,Salaroh,,25.447417,92.201389,26-May-20,,1,,54.20739815
GSI_REPORTS/2020/Meghalaya/48,GSI_REPORTS,Meghalaya,Jaintia Hills,Caroline-Jowai,Caroline colony,,25.45075,92.194528,26-May-20,,1,,47.53227393
GSI_REPORTS/2020/Meghalaya/49,GSI_REPORTS,Meghalaya,Jaintia Hills,Shillong-Agartala-Sabrum Rd,Shillong-Agartala-Sabrum Rd,,25.453517,92.187847,26-May-20,,1,,47.53227393
Newspaper&Media/2020/Meghalaya/50,Newspaper&Media,Meghalaya,East Khasi Hills,Laitlyngkot-Pomlum,between Laitlyngkot and Pomlum,,25.448,91.84,11-Jul-20,,2,,473.2768601
FIELD_VISIT/2020/Meghalaya/51,FIELD_VISIT,Meghalaya,East Khasi Hills,Thangshalai,"Thangshalai, Diengpasoh",,25.590667,92.059889,27-Sep-20,,1,,26.57811355
Newspaper&Media/2020/Meghalaya/52,Newspaper&Media,Meghalaya,Ri-bhoi,Shobhala,"NH 06, Umsning",NH 06,25.746,91.889,24-Oct-20,,3,,229.6170364
Newspaper&Media/2020/Meghalaya/53,Newspaper&Media,Meghalaya,West Khasi Hills,Mawthawiang,Jashiar-Nongshilong road,Jashiar-Nongshillong Road,25.43,91.471,10-Jul-20,,3,,591.3999885
Newspaper&Media/2020/Meghalaya/54,Newspaper&Media,Meghalaya,West Khasi Hills,Mawthawpdah-Rangdikhew road,Mawthawpdah-Rangdikhew road,Mawthawpdah-Rangdikhew road,25.417,91.416,9-Jul-20,,3,,94.6425512
Newspaper&Media/2020/Meghalaya/55,Newspaper&Media,Meghalaya,West Khasi Hills,Nongstoin - Tura By-pass,PHE pipelines which connect to Pyndengrei village,,25.528,91.262,11-Jul-20,,2,,200.1913643
Newspaper&Media/2020/Meghalaya/56,Newspaper&Media,Meghalaya,East Khasi Hills,Police Reserve,Police Reserve Shillong,,25.581,91.884,12-Jul-20,,2,2 dead,160.51772
Newspaper&Media/2020/Meghalaya/57,Newspaper&Media,Meghalaya,East Khasi Hills,Dhobi Ghat Landslide,Parmaw Dhobi Ghat Laban,,25.561,91.88,25-Sep-20,Early morning,2,5 dead,277.9193161
Newspaper&Media/2020/Meghalaya/58,Newspaper&Media,Meghalaya,West Garo Hills,Tura Highway landslide,"highway at Dollonggre, connecting Tura with Paikan",,25.726,90.394,24-Jul-20,,2,,8.911403826
Newspaper&Media/2020/Meghalaya/59,Newspaper&Media,Meghalaya,West Khasi Hills,Nongstoin Block C&RD,landslides occurred in six villages under Nongstoin/Mawthadraishan/Mawshynrut C&RD blocks,,25.523,91.272,14-Jul-20,,2,,2.044385709
Newspaper&Media/2020/Meghalaya/60,Newspaper&Media,Meghalaya,West Khasi Hills,Mawthadraishan C&RD,landslides occurred in six villages under Nongstoin/Mawthadraishan/Mawshynrut C&RD blocks,,25.516,91.469,14-Jul-20,,2,,2.358563167
Newspaper&Media/2020/Meghalaya/61,Newspaper&Media,Meghalaya,West Khasi Hills,Mawshynrut C&RD block,landslides occurred in six villages under Nongstoin/Mawthadraishan/Mawshynrut C&RD blocks,,25.676,91.055,14-Jul-20,,2,,3.429939509
Newspaper&Media/2020/Meghalaya/62,Newspaper&Media,Meghalaya,East Khasi Hills,landslide at Ryndang briew,"Ryndang briew, Umiam",,25.65,91.893,24-Sep-20,,2,,124.5995509
Newspaper&Media/2020/Meghalaya/63,Newspaper&Media,Meghalaya,East Khasi Hills,18th km of Mawkdok Khadarshnong Road,Mawkdok Khadarshnong Road,Mawkdok Khadarshnong Road,25.4,91.786,29-May-20,,3,,
SDMA/2020/Mizoram/64,SDMA,Mizoram,Aizawl,Zembawk_1,Zemabawk,,23.731928,92.760028,06.10.2020,3:05 PM,1,,84.12998903
SDMA/2020/Mizoram/65,SDMA,Mizoram,Aizawl,Bawngkawn_1,Bawngkawn,,23.721556,92.731186,22.09.2020,3:00 AM,1,,10.2034105
SDMA/2020/Mizoram/66,SDMA,Mizoram,Aizawl,Venglai_1,Venglai,,23.740453,92.721578,01.10.2020,8:30 PM,1,,28.04460382
SDMA/2020/Mizoram/67,SDMA,Mizoram,Aizawl,Maubawk_1,Maubawk,,23.720156,92.698094,05.06.2020,11:00 AM,1,,43.24052771
SDMA/2020/Mizoram/68,SDMA,Mizoram,Aizawl,Maubawk_2,Maubawk,,23.723239,92.700333,27.09.2020,3:05 PM,1,,13.21906561
SDMA/2020/Mizoram/69,SDMA,Mizoram,Aizawl,Maubawk_3,Maubawk,,23.751072,92.695947,13.08.2020,6:00 PM,1,,0.099278871
SDMA/2020/Mizoram/70,SDMA,Mizoram,,Chanpui_1,Chawnpui,,23.732306,94.706492,04.10.2020,6:00 AM,1,,17.14106971
SDMA/2020/Mizoram/71,SDMA,Mizoram,Aizawl,Vaivakawn_1,Vaivakawn,,23.739519,92.71415,02.10.2020,9:00 PM,1,,32.33645279
SDMA/2020/Mizoram/72,SDMA,Mizoram,Aizawl,Bawngkawn_2,Bawngkawn,,23.720222,92.728675,04.07.2020,3:00 AM,1,,6.16730317
SDMA/2020/Mizoram/73,SDMA,Mizoram,Aizawl,Maubuang_1,Maubuang,,23.488881,92.708261,31.08.2020,Night,1,,0.560721529
SDMA/2020/Mizoram/74,SDMA,Mizoram,Aizawl,Khatla_1,Khatla,,23.720278,92.716983,10.06.2020,Day,1,,62.90297881
SDMA/2020/Mizoram/75,SDMA,Mizoram,Aizawl,Melriat_1,Melriat,,23.562675,92.726283,11.07.2020,Night,1,,22.14058243
SDMA/2020/Mizoram/76,SDMA,Mizoram,Aizawl,Zemabawk_2,Zemabawk,,23.730278,92.757661,02.02.2020,Night,1,,
SDMA/2020/Mizoram/77,SDMA,Mizoram,Aizawl,Ramhlun_1,Ramhlun,,23.746222,92.723003,15.06.2020,Night,1,,33.24520684
SDMA/2020/Mizoram/78,SDMA,Mizoram,Aizawl,Vaivakawn_2,Vaivakawn,,23.739747,92.708728,17.07.2020,Night,1,,2.030592573
SDMA/2020/Mizoram/79,SDMA,Mizoram,Aizawl,Mualpheng_1,Mualpheng,,23.612047,92.974247,28.05.2020,Day,1,,183.3699088
SDMA/2020/Mizoram/80,SDMA,Mizoram,Aizawl,Sailam_1,Sailam,,23.350964,92.797306,10.07.2020,11:00 AM,1,,15.71465027
SDMA/2020/Mizoram/81,SDMA,Mizoram,Champhai,Hnahlan-1,Hnahlan,,23.692778,93.382778,08.08.2020,Evening,1,,18.25664443
SDMA/2020/Mizoram/82,SDMA,Mizoram,Champhai,Zotlang-1,Zotlang,,23.692778,93.382778,01.08.2020,Evening,1,,31.91210837
SDMA/2020/Mizoram/83,SDMA,Mizoram,Lawngtlai,Electric_veng1,Electric veng,,22.536667,92.887222,07.07.2020,Evening,1,,0.308505963
SDMA/2020/Mizoram/84,SDMA,Mizoram,Lawngtlai,Electric_veng2,Electric veng,,22.536111,92.889722,03.08.2020,Evening,1,,10.63611803
SDMA/2020/Mizoram/85,SDMA,Mizoram,Serchhip,Electric_veng3,Electric veng,,23.533611,92.891944,04.08.2020,Night,1,,18.01209834
SDMA/2020/Mizoram/86,SDMA,Mizoram,Lawngtlai,College_veng1,College Veng,,22.533611,92.5575,03.08.2020,Evening,1,,7.022304045
SDMA/2020/Mizoram/87,SDMA,Mizoram,Lawngtlai,Electric_veng4,Electric veng,,22.534167,92.889444,20.08.2020,Night,1,,20.45519679
SDMA/2020/Mizoram/88,SDMA,Mizoram,Serchhip,Electric_veng5,Electric veng,,23.533611,92.890833,24.08.2020,Evening,1,,17.69289468
SDMA/2020/Mizoram/89,SDMA,Mizoram,Lawngtlai,College_veng2,College Veng,,22.515556,92.896389,02.08.2020,Night,1,,32.07670913
SDMA/2020/Mizoram/90,SDMA,Mizoram,Lawngtlai,Bazaar_veng1,Bazar veng,,22.527222,92.898889,03.08.2020,Night,1,,10.63611803
SDMA/2020/Mizoram/91,SDMA,Mizoram,Aizawl,Rulchawm1,Rulchawm,,23.6625,92.9675,02.10.2020,7:45 PM,1,,33.03127081
SDMA/2020/Mizoram/92,SDMA,Mizoram,Aizawl,Phullen1,Phullen,,23.85,93.0475,02.10.2020-03.10.2020,8:00 PM,1,,88.50882052
SDMA/2020/Mizoram/93,SDMA,Mizoram,Aizawl,Phullen2,Phullen,,23.855617,93.0475,17.08.2020,07:45 PM,1,,0.139587213
SDMA/2020/Mizoram/94,SDMA,Mizoram,Aizawl,Phullen3,Phullen,,23.841111,93.051944,13.10.2020,4:30 PM,1,,0.201731496
SDMA/2020/Mizoram/95,SDMA,Mizoram,Dhalai,Phullen4,Phullen,,23.838611,92.053611,08.10.2020,Night,1,,0.583468754
SDMA/2020/Mizoram/96,SDMA,Mizoram,Aizawl,Phullen5,Phullen,,23.673333,92.885556,10.07.2020,Night,1,,6.874414171
SDMA/2020/Mizoram/97,SDMA,Mizoram,Mamit,Mamit1,Mamit,,23.92,92.491111,10.06.2020,Night,1,,49.12471811
SDMA/2020/Mizoram/98,SDMA,Mizoram,Mamit,Mamit2,Mamit,,23.916944,92.492222,11.07.2020,Night,1,,14.19579004
SDMA/2020/Mizoram/99,SDMA,Mizoram,Mamit,Mamit3,Mamit,,23.924167,92.490278,11.06.2020,Night,1,,76.22800361
SDMA/2020/Mizoram/100,SDMA,Mizoram,Mamit,Mamit4,Mamit,,23.912778,92.390556,11.06.2020,Night,1,,118.1136405
SDMA/2020/Mizoram/101,SDMA,Mizoram,Mamit,Mamit5,Mamit,,23.948611,92.49,29.05.2020,Day,1,,0.101542908
SDMA/2020/Mizoram/102,SDMA,Mizoram,Champhai,Khazawl1,Khazawl,,23.523083,93.193194,03.10.2020,Night,1,,67.90231376
SDMA/2020/Mizoram/103,SDMA,Mizoram,Kolasib,Tumpui_veng1,Tumpui Veng,,24.231944,92.675278,21.10.2020,Night,1,,22.9018619
SDMA/2020/Mizoram/104,SDMA,Mizoram,Kolasib,Variengte_IOC_veng1,Variengte IOC Veng,,24.455,92.741667,25.05.2020,Night,1,,2.635972523
Newspaper&Media/2020/Nagaland/105,Newspaper&Media,Nagaland,Kohima,Lower PWD,"Lower PWD, Kohima",,25.662,94.106,4-Oct-20,,2,,7.506611078
Newspaper&Media/2020/Nagaland/106,Newspaper&Media,Nagaland,Mokokchung,"Alongmen Ward, Mokochung",Mokochung District,,26.326,94.522,15-Aug-20,,2,,118.9269139
Newspaper&Media/2020/Nagaland/107,Newspaper&Media,Nagaland,Zunheboto,DC Hill West Colony,"DC Hill West Colony, Zunhebhoto District",,26.01,94.519,17-Aug-20,,2,,15.68829081
Newspaper&Media/2020/Nagaland/108,Newspaper&Media,Nagaland,Zunheboto,Akuluto Town,Zunheboto District,,26.166,94.487,14-Aug-20,,2,,11.64369563
Newspaper&Media/2020/Nagaland/109,Newspaper&Media,Nagaland,Dimapur,Patkai Bridge to Kukidolong road stretch,Near Nagaland Welcome Gate,NH 29,25.79641717,93.8023278,7-Sep-20,,3,,10.12091863
Newspaper&Media/2020/Nagaland/110,Newspaper&Media,Nagaland,Dimapur,Patkai Bridge to Kukidolong road stretch,Dimapur-Kohima 4 lane highway,NH 29,25.79383239,93.80556258,12-Sep-20,,3,,7.490973544
Newspaper&Media/2020/Nagaland/111,Newspaper&Media,Nagaland,Dimapur,Patkai Bridge to Kukidolong road stretch,"Kukidalong, 3 km from Chumokedima Check Gate",NH 29,25.77079334,93.81473269,19-Sep-20,5:00 AM,3,,1.495132544
Newspaper&Media/2020/Nagaland/112,Newspaper&Media,Nagaland,Kohima,"Mehruliesta, Paramedical Colony","Timber mill, Pramedical colony, Kohima District",,25.664,94.091,19-Aug-20,11:45 AM,3,,4.507467725
Newspaper&Media/2020/Nagaland/113,Newspaper&Media,Nagaland,Zunheboto,Between Xuivi and Kilomi District,40 km from Zunheboto Town between Xuivi and Kilomi,,25.873,94.441,8-Jul-20,,3,1 dead,11.88718098
Newspaper&Media/2020/Nagaland/114,Newspaper&Media,Nagaland,Kohima,High School Area,"High School Area, Kohima",,25.689,94.098,11-Jul-20,,2,,29.49197781
Newspaper&Media/2020/Sikkim/115,Newspaper&Media,Sikkim,West Sikkim,Lingchom Landslide,Kabi Lungstog Constituency,,27.286,88.219,24-May-20,12:30 PM,2,1 dead,
Newspaper&Media/2020/Sikkim/116,Newspaper&Media,Sikkim,East Sikkim,Gangtok_Rangpo_landslides,Between Gangtok and Rangpo on NH 10,NH 10,27.261,88.553,8-Sep-20,,3,,6.692192465
Newspaper&Media/2020/Sikkim/117,Newspaper&Media,Sikkim,East Sikkim,20 Mile Bardun,Between Gangtok and Rangpo on NH 10,,27.286,88.59,8-Sep-20,,2,,6.692192465
Newspaper&Media/2020/Sikkim/118,Newspaper&Media,Sikkim,East Sikkim,Gai Dhara Landslide,Between Gangtok and Rangpo on NH 10,,27.256,88.546,8-Sep-20,,2,,6.692192465
Newspaper&Media/2020/Sikkim/119,Newspaper&Media,Sikkim,South Sikkim,Thakka Road mudslide,"Thakka Road, Ben, South Sikkim",,27.257,88.421,8-Jun-20,,2,2 dead,
Newspaper&Media/2020/Sikkim/120,Newspaper&Media,Sikkim,West Sikkim,Boom Tafel,"Boom Tafel under Samdong Sribadam GPU, Rinchenpong",,27.2206,88.2034,2-Oct-20,8:30 PM,2,2 dead,0.156456914
Newspaper&Media/2020/Sikkim/121,Newspaper&Media,Sikkim,North Sikkim,Mangang-Chungtohong Road,,Mangang-Chungtohong Road,27.502,88.535,29-Jun-20,,3,,
Newspaper&Media/2020/Sikkim/122,Newspaper&Media,Sikkim,North Sikkim,Barfok-Lingdok GPU,,,27.50519261,88.50450975,27-Jun-20,,2,,24.42941415
Newspaper&Media/2020/Sikkim/123,Newspaper&Media,Sikkim,North Sikkim,Hee Gyanthang,,,27.4569233,88.48734731,27-Jun-20,,2,,3.398117594
Newspaper&Media/2020/Sikkim/124,Newspaper&Media,Sikkim,North Sikkim,Lum Village,,,27.38950527,88.47566224,27-Jun-20,,2,,1.822928986
Newspaper&Media/2020/Sikkim/125,Newspaper&Media,Sikkim,North Sikkim,Uphill Panang Landslide,"Upper Panang, Passingdong Village",,27.52,88.509,27-Jun-20,8:00 PM,2,,24.42941415
Newspaper&Media/2020/Sikkim/126,Newspaper&Media,Sikkim,North Sikkim,Mangan-Sangkhalang Road,,Mangan-Sangkhalang Road,27.506,88.528,27-Jun-20,,3,,24.42941415
Newspaper&Media/2020/Sikkim/127,Newspaper&Media,Sikkim,West Sikkim,Landslide near Fambrong Falls,Pelling-Tashiding Road; Tashiding to Gerethang Road; Reshi-Rinchepong Road,Pelling-Tashiding Road,27.357,88.232,28-Jun-20,,3,,2.882167201
Newspaper&Media/2020/Sikkim/128,Newspaper&Media,Sikkim,East Sikkim,Tessta V NHPC Landslide,"Tessta V dam, NHPC, Apdara East Sikkim",,27.251,88.459,27-Jun-20,,2,,0.420184951
Newspaper&Media/2020/Sikkim/129,Newspaper&Media,Sikkim,North Sikkim,Myong Kyong 12th Mile Slide,near Bey in Upper Dzongu,,27.565,88.424,26-May-20,5:00 PM,2,2 dead,0.361460652
Newspaper&Media/2020/Sikkim/130,Newspaper&Media,Sikkim,North Sikkim,North_Sikkim_cutoff_event_1,Ambithang near Rangrang and Ramthang under Namok Panchayat District,NH10,27.411,88.546,25-Jun-20,,3,,14.50819735
Newspaper&Media/2020/Sikkim/131,Newspaper&Media,Sikkim,North Sikkim,North_Sikkim_cutoff_event_2,Phamtham at Kabi Lungstok connecting North Sikkim to Tashi View Point,NH10,27.453,88.61,25-Jun-20,,3,,22.01125104
Newspaper&Media/2020/Sikkim/132,Newspaper&Media,Sikkim,East Sikkim,North_Sikkim_cutoff_event_3,Dikchu-Mangan Road at Tintek and Dikchu Sokpay,NH10,27.384,88.505,25-Jun-20,,3,,17.36318982
GSI_REPORTS/2020/Sikkim/133,GSI_REPORTS,Sikkim,North Sikkim,Dhare Landslide,Kabi District,,27.398667,88.623583,24-May-20,,1,,
GSI_REPORTS/2020/Sikkim/134,GSI_REPORTS,Sikkim,North Sikkim,Satala Landslide,Upper Linchom under Kabi-Lungchuk District,,27.398389,88.625667,24-May-20,1:00 PM,1,,
Newspaper&Media/2020/Sikkim/135,Newspaper&Media,Sikkim,South Sikkim,Sokpay_landslide,"The Dikchu Gangtok road blocked at Sopkay, Lower Rangdong about 3 kms short of Dikchu",NH10,27.39,88.429,1-Jun-20,7:00 PM,3,,
Newspaper&Media/2020/Sikkim/136,Newspaper&Media,Sikkim,South Sikkim,Jorengthang Landslide,"Road connecting DANs Energy Power Station to NH Jorethang Namchi, IPCA Lab damaged",NH510,27.163,88.311,6-Aug-20,,3,,31.63062681
Newspaper&Media/2020/Sikkim/137,Newspaper&Media,Sikkim,East Sikkim,East_sikkim_ls_Sept_2020,"Sirwani Sliding area, Tirteray Dhara, Lower Sudungkhala",NH10,27.198,88.648,8 to 11 September 2020,,3,,99.18681894
Newspaper&Media/2020/Sikkim/138,Newspaper&Media,Sikkim,East Sikkim,North_Sikkim_ls_Sept2020,Mangan to Gangtok State Highway via Rakdung-Tintek Road,NH10,27.393,88.515,8 to 11 September 2020,,3,,12.22244298
Newspaper&Media/2020/Sikkim/139,Newspaper&Media,Sikkim,South Sikkim,South_Sikkim_ls_Sept2020_1,"Namchi to Jorethang Road at 12th mile, Jorethang to Melli road blocked at Charcharey, near Rolu",NH510,27.116,88.323,8 to 11 September 2020,,3,,60.38755579
Newspaper&Media/2020/Sikkim/140,Newspaper&Media,Sikkim,South Sikkim,South_Sikkim_ls_Sept2020_2,The Kewzing to Shakbari road also blocked at Tingmoo,NH710,27.254,88.317,8 to 11 September 2020,,3,,45.35731913
Newspaper&Media/2020/Sikkim/141,Newspaper&Media,Sikkim,South Sikkim,West_Sikkim_ls_Sept2020,Reshi to Nayabazar road blocked at Kaijaley and Nagdhara,NH510,27.082,88.429,8 to 11 September 2020,,3,,108.4387225
